Sentiment,Text
Positive,"I had an amazing experience with this product! It exceeded my expectations and made my life so much easier."
Positive,"The customer service was exceptional. They went above and beyond to resolve my issue quickly and efficiently."
Neutral,"The product works as described, but I expected a bit more for the price. It's decent, but not outstanding."
Neutral,"The service was neither exceptional nor terrible. It was just average. I might consider trying it again in the future."
Negative,"I was highly disappointed with the quality of this item. It broke within a week, and I had to go through a frustrating return process."
Negative,"The customer support team was unhelpful and unresponsive. Dealing with them was a nightmare."
Mixed,"The product has some great features, but it also has some serious flaws. It's a mixed bag, to be honest."
Mixed,"I had high hopes for this service, but it didn't live up to the hype. There were some good aspects, but also some major drawbacks."
Positive,"I'm thrilled with my purchase! The quality is outstanding, and it's exactly what I needed."
Negative,"This app is a complete waste of time. It's confusing to use, and the results were inaccurate. I wouldn't recommend it to anyone."
Positive,"I absolutely loved the product! It exceeded my expectations, and I highly recommend it to everyone."
Positive,"The customer service was outstanding. They were very helpful and resolved my issue quickly and efficiently."
Neutral,"The product was okay. It did what it was supposed to, but I expected a bit more."
Neutral,"The service was neither exceptional nor terrible. It was just average."
Negative,"I had a terrible experience with this company. The product arrived damaged, and their customer service was unhelpful."
Negative,"I was disappointed with the quality of the product. It broke within a week of use."
Positive,"I am impressed with the fast shipping. The product arrived earlier than expected."
Positive,"Great value for the price. I got a lot more than I paid for."
Neutral,"The website layout is a bit confusing. It took me a while to find what I was looking for."
Negative,"I would not recommend this service. They made errors in my order, and it was a hassle to get it corrected."
Positive,"The app is fantastic! It's intuitive and user-friendly, making it a pleasure to use."
Negative,"I found the app to be frustrating and filled with bugs. It needs a lot of improvement."
Neutral,"The app's design is simple and straightforward, but it lacks some advanced features."
Positive,"I received exceptional support from the app's customer service team. They were responsive and helpful."
Negative,"The app crashed multiple times while I was using it, causing a lot of inconvenience."
Positive,"I'm satisfied with the app's performance. It met my expectations and helped me complete my tasks efficiently."
Negative,"I encountered a lot of ads within the app, which disrupted my experience."
Neutral,"The app's features are decent, but there's room for improvement in terms of usability."
Positive,"I love the new updates to the app. They've added some great new features."
Negative,"The app drained my phone's battery quickly, and it slowed down my device."
